{
    "Total Orders": 99441,
    "Total Products": 32951,
    "Average Price": 120.65373901464714,
    "Total Revenue": 13591643.700000001,
    "Top Category": "cama_mesa_banho"
}